{
  "DP": {
    "rmse": 0.0,
    "match_ratio": 1.0,
    "mc_return_mean": 155.14846265895164,
    "mc_return_stderr": 3.2783767203139824,
    "iterations": 319,
    "time": 0.15356850624084473
  },
  "FQI": {
    "rmse": 179.60913574615574,
    "match_ratio": 0.4166666666666667,
    "mc_return_mean": -63.52289848278425,
    "mc_return_stderr": 6.763115213369097,
    "iterations": 225,
    "time": 0.7252829074859619
  },
  "API-LSTD": {
    "rmse": 193.16137397490886,
    "match_ratio": 0.6944444444444444,
    "mc_return_mean": 89.71002896155326,
    "mc_return_stderr": 5.791454442805031,
    "iterations": 11,
    "time": 0.01819777488708496
  }
}